,smiles,value,log_value,init_value
0,Nc1n[nH]c2nc(-c3ccco3)c(-c3ccncn3)cc12,164.0,5.099866427824199,0.1521612458453369
1,CCn1cnc(CN2CCN(c3cccc4[nH]c(-c5ccc(C(C)(C)C)cc5)nc34)CC2)c1C,124.0,4.820281565605037,0.1381056545173717
2,CC[C@H](NC(=O)[C@H]1NCC[C@@H]1O)c1ccc(-c2noc(CCC3CCCCC3)n2)cc1,204.0,5.318119993844216,0.1631335241922372
3,C[C@H](NC(=O)[C@H]1NCC[C@@H]1O)c1ccc(-c2noc(CCC3CCCC3)n2)cc1,439.0,6.084499413075172,0.2016617758056228
4,Cc1c(C(=O)NN2CCCCC2)nn(-c2ccc(Cl)cc2Cl)c1-c1ccc(Cl)cc1,209.83,5.346297679066604,0.1645501031332797
5,C[C@H](NC(=O)C(C)(C)Oc1ccc(C(F)(F)F)cn1)[C@@H](Cc1ccc(Cl)cc1)c1cccc(C#N)c1,412.5,6.022236205774735,0.1985316127859337
6,Cc1cc(O)c(C(=O)CCc2ccc3occc3c2)c(O[C@@H]2O[C@H](CO)[C@@H](O)[C@H](O)[C@H]2O)c1,153.0,5.030437921392435,0.1486708611901372
7,Cc1nc2ccccc2n1C1C[C@H]2CC[C@@H](C1)N2CC[C@H](NC(=O)C1CCSCC1)c1cccc(F)c1,270.0,5.598421958998375,0.1772251664913258
8,CN(C)[C@@H]1C(O)=C(C(N)=O)C(=O)[C@@]2(O)C(O)=C3C(=O)c4c(c(F)c5ccc(CN6CCC6)cc5c4O)C[C@H]3C[C@@H]12,354.0,5.869296913133774,0.1908428839388606
9,COc1c2c(c(O)c3cc(CNC4CC4)ccc13)C(=O)C1=C(O)[C@]3(O)C(=O)C(C(N)=O)=C(O)[C@@H](N(C)C)[C@@H]3C[C@@H]1C2,385.0,5.953243334287785,0.1950631288398921
10,COc1c2c(c(O)c3cc(CN4CC(F)C4)ccc13)C(=O)C1=C(O)[C@]3(O)C(=O)C(C(N)=O)=C(O)[C@@H](N(C)C)[C@@H]3C[C@@H]1C2,451.0,6.111467339502679,0.2030175364495255
11,COCCN1CCc2cc(Nc3ncc(Cl)c(N[C@@H]4CCCC[C@H]4NS(C)(=O)=O)n3)c(OC)cc2CC1,72.0,4.276666119016055,0.1107764332706416
12,O=C(NO)c1cnc(N2C[C@@H]3[C@H](C2)[C@H]3NCc2ccc3cc(F)ccc3n2)nc1,124.0,4.820281565605037,0.1381056545173717
13,Cc1nc(C(=O)NCCCN2CCN(c3cccc(Cl)c3Cl)CC2)c(C)n1-c1ccc2c(c1)OCCO2.Cl.Cl.Cl.Cl,182.18,5.204995209316664,0.1574463931803408
14,COc1ccccc1-n1c(C)nc(C(=O)NCCCN2CCN(c3cccc(Cl)c3C)CC2)c1C.Cl.Cl.Cl,126.85,4.843005286045291,0.1392480458665456
15,Cc1cc(Nc2nc(Sc3ccc(NC(=O)CN4C[C@H](OC(C)(C)C)[C@@H](O)C4)cc3)nn3cccc23)n[nH]1,345.6103280000001,5.845311920742635,0.1896370845676845
16,Cc1cc(Nc2nc(Sc3ccc(NC(=O)CN4C[C@H](OC(C)(C)C)C[C@H]4CO)cc3)nn3cccc23)n[nH]1,319.9503090000001,5.768165699360906,0.1857587066339453
17,Cc1cc(Nc2nc(Sc3ccc(NC(=O)C4CC4)cc3)nn3cc(NC(=O)C(=O)N4CCN(C)CC4)cc23)n[nH]1,435.0259470000002,6.075405677585659,0.2012046057404388
18,COc1cc(N2CCN(C[C@H](C)O)CC2)ccc1Nc1ncc2ccc(-c3ccccc3N(C)S(C)(=O)=O)n2n1,343.0,5.83773044716594,0.1892559405622045
19,Cn1nc(-c2ccc(OCCCN3CCCCC3)cc2)c2ccccc2c1=O,402.0,5.996452088619021,0.1972353658767967
20,CC(C)n1nc(-c2ccc(OCCCN3CCC[C@H]3C)cc2)c2sccc2c1=O,160.0,5.075173815233827,0.1509198722293434
21,C[C@@H]1CCCN1CCCOc1ccc(-c2nn(C)c(=O)c3c2CCC3)cc1,182.0,5.204006687076795,0.1573966971255833
22,Cl.O=C(Nc1ccc(N2C(=O)[C@@H]3[C@H](C2=O)[C@@H]2C=C[C@H]3C2)c(Cl)c1)c1ccccn1,454.0,6.118097198041348,0.203350839838851
23,CCOc1ccc([C@@H](C)Nc2nc(N3CCN(C(C)=O)CC3)nc3c2CN(C(C)C)C3=O)cc1,186.6344000000001,5.229151622976711,0.1586608104261813
24,CC(=O)N1CCC(C(=O)N(CCCN2CCN(Cc3ccc(F)cc3)CC2)c2ccc(C)c(Cl)c2)CC1.Cl,209.39,5.344198541804225,0.1644445730438925
25,CC(=O)N1CCC(C(=O)N(CCCN2CCC(Cc3ccc(C(N)=O)cc3)CC2)c2ccc(C)c(Cl)c2)CC1.Cl,328.03,5.793105067616255,0.1870124854165034
26,Cc1cc(-c2nnc(N)nc2-c2ccccc2)cc(C(F)(F)F)n1,397.0,5.983936280687191,0.1966061576999562
27,COc1ccc2c(O[C@@H]3C[C@H]4C(=O)N[C@]5(C(=O)NS(=O)(=O)C6CC6)C[C@H]5/C=C\CCCCC[C@H](NC(=O)N5CCC5)C(=O)N4C3)cc(-c3nc(C(C)C)cs3)nc2c1C,107.0,4.672828834461906,0.1306927519993679
28,COc1ccc2c(O[C@@H]3C[C@H]4C(=O)N[C@]5(C(=O)NS(=O)(=O)C6CC6)C[C@H]5/C=C\CCCCC[C@H](NC(=O)N5CC(F)(F)C5)C(=O)N4C3)cc(-c3nc(C(C)C)cs3)nc2c1C,203.0,5.313205979041787,0.1628864815473162
29,COc1ccc2c(O[C@@H]3C[C@H]4C(=O)N[C@]5(C(=O)NS(=O)(=O)C6CC6)C[C@H]5/C=C\CCCCC[C@H](NC(=O)N5CCCCC5)C(=O)N4C3)cc(-c3nc(C(C)C)cs3)nc2c1C,268.0,5.5909869805108565,0.1768513872447554
30,CN[C@@H](C)C(=O)N[C@H](C(=O)N1CCC[C@H]1C(=O)Nc1snnc1-c1ccccc1)C1CCCCC1.O=C(O)C(F)(F)F,312.4642500000002,5.744490062632278,0.184568459523835
31,O=c1cc(COc2cc(Cl)cc(Cl)c2)[nH][nH]1,179.0,5.187385805840755,0.1565611142821127
32,Cl.c1ccc(OC(c2ccc3ccccc3c2)C2CNC2)cc1,159.7,5.073297055220967,0.1508255217285615
33,CCCOC(c1ccc2ccccc2c1)C1CNC1.Cl,214.6,5.368775830196598,0.1656801489575911
34,O=C(Nc1sc2c(c1C(=O)N1CC(F)(F)C1)CCOC2)c1c(F)cccc1C(F)(F)F,165.0,5.10594547390058,0.1524668581972907
35,COc1ccc2c(O[C@@H]3C[C@H]4C(=O)N[C@]5(C(=O)NS(=O)(=O)C6CC6)C[C@H]5/C=C\CCCCC[C@H](NC(=O)C5(OC)CCC5)C(=O)N4C3)cc(-c3nc(C4CC4)cs3)nc2c1C,117.0,4.762173934797756,0.1351844051150232
36,CCN(CC)C(=O)N[C@H]1CCCCC/C=C\[C@@H]2C[C@@]2(C(=O)NS(=O)(=O)C2CC2)NC(=O)[C@@H]2C[C@@H](Oc3cc(-c4nc(C5CC5)cs4)nc4c(C)c(OC)ccc34)CN2C1=O,127.0,4.844187086458591,0.1393074586098133
37,COc1ccc2c(n1)C1(CO2)C(=O)N(Cc2ccc(C(F)(F)F)o2)c2ccccc21,244.0,5.497168225293202,0.1721348297324103
38,Cc1nc2sc(C(=O)NCc3ccncc3)c(N)c2c(C)c1Cl,175.0,5.1647859739235145,0.1554249511902053
39,Cc1cc(C)c(-c2nc3cc(N4CCCC4)ncc3[nH]2)cc1C(=O)N1CCC(c2ccc(C#N)cc2)CC1,460.0,6.131226489483141,0.2040108897194734
40,COc1cccc(CN(CCN2CCOCC2)C(=O)Nc2ccc(-c3cn[nH]c3)cc2)c1,261.3168,5.5657334643748415,0.1755818152815789
41,COc1cccc(CN(CCN2CCCC2)C(=O)Nc2ccc(-c3cn[nH]c3)cc2)c1,251.7174,5.528307029668475,0.1737002732448606
42,CN(C)CCC(NC(=O)Nc1ccc(-c2cn[nH]c2)cc1)c1ccccc1,181.73250000000004,5.202535825670534,0.1573227523967365
43,COc1cccc(CN(CCN2CCCCC2)C(=O)Nc2ccc(-c3cn[nH]c3)cc2)c1,173.4224,5.155730237087482,0.1549696914342565
44,COc1cccc(CN(CCN(C)C)C(=O)Nc2ccc(-c3cn[nH]c3)cc2)c1,78.69820000000001,4.365620283497249,0.1152484328379435
45,CN[C@@H](C)C(=O)N[C@H]1CCCC[C@H]2CC[C@@H](C(=O)N[C@@H](c3ccccc3)c3cn(CCCCc4ccc(CCCCn5cc([C@@H](NC(=O)[C@@H]6CC[C@@H]7CCCC[C@H](NC(=O)[C@H](C)NC)C(=O)N76)c6ccccc6)nn5)cc4)nn3)N2C1=O,221.0,5.3981627015177525,0.1671575174045776
46,COc1ccc(O[C@@H](CC(C)C)[C@H]2CCNC2)c(C)n1,167.03759999999997,5.118218936774964,0.1530838829423789
47,OC[C@H]1O[C@@H](c2cc(Cc3cc4cccccc-4c3)ccc2O)[C@H](O)[C@@H](O)[C@@H]1O,403.0,5.998936561946683,0.1973602679958944
48,CN[C@@H](C)C(=O)N[C@H](C(=O)N1CCC[C@H]1C(=O)N[C@H]1c2ccccc2C[C@H]1OCCOCCO[C@@H]1Cc2ccccc2[C@@H]1NC(=O)[C@@H]1CCCN1C(=O)[C@@H](NC(=O)[C@H](C)NC)C1CCCCC1)C1CCCCC1,206.0,5.327876168789581,0.1636239971272443
49,COc1cc(N2CCN(C)CC2)ccc1-c1nc2c(N[C@H]3[C@@H](C(N)=O)[C@@H]4C=C[C@H]3C4)c(Cl)cnc2[nH]1,416.0,6.030685260261263,0.1989563727533645
50,COc1cc(CN2CCOCC2)ccc1-c1nc2c(N[C@H]3[C@@H](C(N)=O)[C@@H]4C=C[C@H]3C4)c(Cl)cnc2[nH]1,451.0,6.111467339502679,0.2030175364495255
51,CC(C)C[C@@H]1NC(=O)[C@H](Cc2ccc(O)cc2)N(C)C(=O)[C@H]2CCCN2C(=O)[C@H](CC(C)C)NC(=O)[C@H](CO)N(C)C(=O)[C@@H](CC(C)C)N(C)C1=O,282.0,5.641907070938114,0.1794112968755835
52,CC(C)Cc1cc(-n2c3c(c4c2CC(C)(C)CC4=O)CCN(C)C3)cc2c1C(=O)NCC2,280.0,5.634789603169249,0.1790534798698448
53,Cc1cc(C)cc([C@@H]2CCCN2Cc2ccc(Oc3ccc(C(N)=O)cc3F)cc2)c1,186.0,5.225746673713202,0.1584896331494129
54,N#Cc1cccc(Cn2cc(NC(=O)c3n[nH]c4ccccc34)cn2)c1,143.79204,4.968368089095572,0.1455504197269075
55,CN(C)CC[C@@H](c1ccccc1)n1cc(NC(=O)c2n[nH]c3cc(-c4cn[nH]c4)ccc23)cn1,380.4483060000001,5.941350309990724,0.1944652299127248
56,CNC(=N)NCCC[C@H](NC(=O)[C@H](CC(C)C)NC(=O)NNC(=O)[C@H](Cc1ccccc1)NC(=O)[C@H](CO)NC(=O)[C@H](CC(N)=O)NC(=O)[C@@H](Cc1ccncc1)NC(=O)[C@H](N)Cc1ccc(O)cc1)C(=O)N[C@@H](Cc1ccccc1)C(N)=O,239.0,5.476463551931511,0.1710939420926396
57,CNC(=N)NCCC[C@H](NC(=O)[C@H](CC(C)C)NC(=O)NNC(=O)[C@H](Cc1ccccc1)NC(=O)[C@@H](NC(=O)[C@H](CC(N)=O)NC(=O)[C@@H](Cc1c[nH]c2ccccc12)NC(=O)[C@@H](Cc1ccc(O)cc1)NC(C)=O)[C@@H](C)O)C(=O)N[C@@H](Cc1ccccc1)C(N)=O,497.0,6.208590026096629,0.2079001927586089
58,CC(C)(C)C#Cc1cc(N2C(=O)[C@@H](CCCO)OC[C@H]2C2CCCCC2)c(C(=O)O)s1,440.4354480000002,6.087763892072557,0.2018258912098753
59,COc1cc([C@@H]2CCN(CCO)C[C@@H]2O)ccc1Nc1ncc2ccc(-c3ccccc3OC)n2n1,371.0,5.916202062607435,0.193200950133668
60,COc1cc([C@H]2CCN(CCO)C[C@@H]2O)ccc1Nc1ncc2ccc(-c3ccccc3OC)n2n1,459.0,6.129050210060545,0.2039014814563197
61,Cn1c(=O)c2c(nc(N3CCC[C@@H](N)C3)n2Cc2cc(F)ccc2Cl)c2cc(C(=O)O)ccc21,75.3,4.321480134805848,0.1130293717405812
62,Cn1c(=O)c2c(nc(N3CCC[C@@H](N)C3)n2Cc2cc(F)ccc2Cl)c2ccc(C(=O)O)cc21,99.9,4.604169685654508,0.1272410453193179
63,CC(=O)N1N=C(c2cc(F)ccc2F)S[C@@]12c1cc(F)c(F)cc1OC[C@H]2CCN,351.5472000000002,5.862343983885817,0.1904933387908657
64,CC(=O)N1N=C(c2cc(F)ccc2F)S[C@@]12c1cc(F)cc(F)c1OC[C@H]2CCN,351.5472000000002,5.862343983885817,0.1904933387908657
65,CC(=O)N1N=C(c2cc(F)ccc2F)S[C@@]12c1cc(F)ccc1OC[C@H]2CCN,155.93428000000006,5.049434636434041,0.1496258845096377
66,CC(=O)N1N=C(c2cc(F)ccc2F)S[C@@]12c1ccccc1OC[C@H]2CCN,322.7632000000001,5.776918927418703,0.1861987583427694
67,COc1ccc(N(CCN)C(=O)Nc2ccc(-c3ncnc4[nH]cc(C)c34)cc2)cc1,458.1335000000002,6.127160626356926,0.2038064862691438
68,Cc1c[nH]c2ncnc(-c3ccc(NC(=O)N(CCN)c4ccc(Cl)cc4)cc3)c12,294.6328000000001,5.685729835237634,0.1816144020829496
69,Cc1c[nH]c2ncnc(-c3ccc(NC(=O)N(CCN(C)C)c4ccc(Cl)cc4)cc3)c12,269.37480000000005,5.59610371839834,0.1771086214029568
70,O=C1Nc2ccccc2[C@]12C[C@H]2c1ccc2c(/C=C/c3ccc(CN4CCOCC4)cc3)n[nH]c2c1,312.0,5.7430031878094825,0.1844937097512644
71,Cc1ccc2c(c1)[C@]1(C[C@H]1c1ccc3c(/C=C/c4ccc(CN5CCOCC5)cc4)n[nH]c3c1)C(=O)N2,285.0,5.652489180268651,0.179943292073597
72,COc1ccc2c(c1)[C@]1(C[C@H]1c1ccc3c(/C=C/c4ccc(CN5CCOCC5)cc4)n[nH]c3c1)C(=O)N2,250.0,5.521460917862246,0.1733560981383469
73,O=C(N[C@@H](c1ccccn1)C1CC1)c1ccc2[nH]nc(-c3ccc(N4C5CCC4COC5)cc3)c2c1,240.0,5.480638923341991,0.1713038508613846
74,O=C(N[C@H](c1ccccn1)C1CCCC1)c1ccc2[nH]nc(-c3ccc(N4C5CCC4COC5)cc3)c2c1,220.0,5.393627546352362,0.1669295211993908
75,O=C(N[C@@H](c1ccccn1)C1CC1)c1ccc2[nH]nc(-c3ccc(N4[C@H]5CC[C@H]4CC(O)C5)cc3)c2c1,250.0,5.521460917862246,0.1733560981383469
76,O=C(N[C@H](c1ccccn1)C1CCCC1)c1ccc2[nH]nc(-c3ccc(N4[C@H]5CC[C@H]4CC(O)C5)cc3)c2c1,190.0,5.247024072160486,0.1595593134415558
77,O=C(N[C@H](c1ncccn1)C1CCCC1)c1ccc2[nH]nc(-c3ccc(N4[C@H]5CC[C@H]4CC(O)C5)cc3)c2c1,130.0,4.867534450455582,0.1404812024395837
78,O=C(N[C@H](CC1CC1)c1ccccn1)c1ccc2[nH]nc(-c3ccc(N4[C@H]5CC[C@H]4CC(O)C5)cc3)c2c1,290.0,5.66988092298052,0.1808176284954578
79,O=C(N[C@H](c1ccccn1)C1CC1)c1ccc2[nH]nc(-c3ccc(N4[C@H]5CC[C@H]4CC(O)C5)cc3)c2c1,360.0,5.886104031450156,0.1916878294934259
80,O=C(Nc1ccc(F)cc1)c1ccc(SCc2ccccc2B(O)O)nc1,149.06775000000002,5.004400900588233,0.1473619000363866
81,CC(=O)O[C@H]1C(=O)[C@@]2(C)[C@H]([C@H](OC(=O)c3ccccc3)[C@]3(O)C[C@H](OC(=O)[C@H](O)[C@@H](NC(=O)c4ccccc4)c4ccccc4)C(C)=C1C3(C)C)[C@]1(OC(C)=O)CO[C@@H]1C[C@@H]2O,375.0,5.926926025970411,0.1937400767703881
82,CN(C)C(=O)C(CCN1CCC(O)(c2ccc(Cl)cc2)CC1)(c1ccccc1)c1ccccc1,243.0,5.493061443340548,0.1719283691667653
83,[2H]c1ccc2c(-n3ncc(C(=O)NC(=N)N)c3C3CC3)cccc2n1,77.4,4.3489867805956814,0.114412215464509
84,COc1ccc(CCN(C)CCCC(C#N)(c2ccc(OC)c(OC)c2)C(C)C)cc1OC,297.83,5.696522853926941,0.1821570003434129
85,N#Cc1ccc(N2C(=O)[C@]3(CCOC3)N(c3ccc(C(N)=O)c(F)c3)C2=S)cc1C(F)(F)F,303.0,5.713732805509369,0.1830221975658114
86,COc1cc(F)ccc1-c1c(CN(C)Cc2ccccc2)[nH]c2c(NS(C)(=O)=O)cc(C(C)C)cc12,315.0,5.752572638825633,0.184974795499786
87,CN(C)C/C=C/C(=O)Nc1cc2c(Nc3ccc(F)c(Cl)c3)ncnc2cc1O[C@H]1CCOC1,324.5,5.782285536144145,0.1864685542768668
88,CC(C)NC/C=C/C(=O)Nc1cc2c(Nc3ccc(F)c(Cl)c3)ncnc2cc1O[C@H]1CCOC1,196.7,5.281679725395013,0.1613015597677762
89,C#Cc1cccc(Nc2ncnc3cc(O[C@H]4CCOC4)c(NC(=O)/C=C/CNC4CC4)cc23)c1,480.2,6.174202683787152,0.2061714352482041
90,C#Cc1cccc(Nc2ncnc3cc(O[C@H]4CCOC4)c(NC(=O)/C=C/CNC(C)C)cc23)c1,105.3,4.6568134191399295,0.1298876077904626
91,CN1CCN(CCCOc2ccc(N3C(=O)/C(=C/c4ccc(Oc5ccc(F)cc5)cc4)SC3=S)cc2)CC1,175.6,5.168208681201016,0.1555970212169799
92,CN1C(=O)c2c(nn(Cc3ccc(C(F)(F)F)cc3)c2Nc2ccccc2)N2C1=N[C@@H]1CCC[C@@H]12,271.0,5.602118820879701,0.1774110191136295
93,CN1C(=O)c2c(nn(Cc3ccc(-c4ccccn4)cc3)c2Nc2ccccc2)N2C1=N[C@@H]1CCC[C@@H]12,420.0,6.040254711277414,0.199437458501886
94,CN1C(=O)c2c(nn(Cc3ccc(-c4cccc(F)n4)cc3)c2Nc2ccccc2)N2C1=N[C@@H]1CCC[C@@H]12.O=P(O)(O)O,300.0,5.703782474656201,0.1825219638158864
95,CN1C(=O)c2c(nn(Cc3ccc(C(F)(F)F)cc3)c2Nc2ccc(F)cc2)N2C1=N[C@@H]1CCC[C@@H]12,292.0,5.676753802268282,0.1811631492856338
96,Nc1ncnc2c1c(-c1cccc(OCc3ccccc3)c1)cn2[C@H]1C[C@@H](CN2CCC2)C1,116.92375800000008,4.761522081361821,0.1351516344369953
97,COc1cc(C[C@H](NC(=O)c2cc(Cl)ccc2Cl)C(=O)N[C@@H](CC(C)C)B(O)O)cc(OC)c1,83.0,4.418840607796598,0.1179239823035189
98,Cc1ccc(NC(=O)c2cccc(C(F)(F)F)c2)cc1OC1CCN(C(=O)c2ccncc2)CC1,202.04,5.308465697599852,0.1626481730130181
99,Cc1cc(S(=O)(=O)n2ccc(NC(=O)c3ccccn3)c2)ccc1Cl,191.7,5.255931650051599,0.1600071247914469
100,NS(=O)(=O)c1cccc2c1C(=O)C=C(Nc1ccccc1N1CCNCC1)C2=O,199.2,5.294309345150498,0.1619364896151996
101,O/N=c1\cc(-c2cc3cccn3cn2)oc2ccc(OCCN3CCOCC3)cc12,166.0,5.111987788356544,0.1527706239376601
102,O/N=c1\cc(-c2cc3sccc3cn2)oc2ccc(CCCN3CCOCC3)cc12,163.0,5.093750200806762,0.1518537642930676
103,C=CC(=O)Nc1cc(Nc2cc(-c3cccc(NC(=O)c4ccc(N(C)C)cc4)c3C)cn(C)c2=O)ccc1C(=O)N1CCOCC1,317.33,5.759942241866406,0.1853452881214832
104,C=CC(=O)Nc1cc(Nc2cc(-c3cccc(NC(=O)c4ccc(C(C)(C)C)cc4)c3C)cn(C)c2=O)ccc1C(=O)N1CCOCC1,182.7,5.207845463383961,0.1575896842227556
105,COc1ccc(Oc2ccnc3cc(-c4cnn(C5CCNCC5)c4)ccc23)cc1,95.9,4.563305981889393,0.1251867011902739
106,Oc1ccc(Oc2ccnc3cc(-c4cnn(C5CCNCC5)c4)ccc23)cc1,155.1,5.044070070182493,0.1493561912569878
107,Cc1ccc(Oc2ccnc3cc(-c4cnn(C5CCNCC5)c4)ccc23)cc1,166.0,5.111987788356544,0.1527706239376601
108,Cc1nc(-c2cnn(C)c2-c2ccc(C(F)(F)F)cn2)c2c(N3CCC3)ncnn12,141.0,4.948759890378168,0.1445646552414422
109,CCN(CC)CCCn1c2c(c3ccccc3c1=O)C(=O)C(=O)c1cc(C)oc1-2,114.0,4.736198448394496,0.133878537484954
110,CC(C)c1cccc(C(C)C)c1O,77.0,4.343805421853684,0.1141517326171079
111,CC[C@@H](C)c1cccc([C@H](C)C2CC2)c1O,78.1,4.35799005684564,0.1148648378653706
112,C[C@@H](c1cccc([C@H](C)C2CC2)c1O)C1CC1,170.0,5.135798437050262,0.1539676585146978
113,CC(C)c1cccc([C@H](C)C2CC2)c1O,164.0,5.099866427824199,0.1521612458453369
114,C=CC(=O)N1CCC[C@@H](n2nc(-c3ccc(OCc4ccccn4)c(Cl)c3)c3c(N)ncnc32)C1,405.24,6.0044794841854765,0.1976389277528383
115,O=C(N[C@@H](C(=O)N1CCC[C@H]1C(=O)Nc1nc(-c2ccccc2)cs1)c1ccccc1)c1ccncc1,295.6,5.689007189074046,0.1817791647449769
116,C=CC(=O)Nc1cc(Nc2nccc(-c3cn4c5c(cccc35)CCC4)n2)c(OC)cc1N(C)CCN(C)C,194.0,5.267858159063328,0.1606067070982557
117,C=CC(=O)Nc1cc(Nc2nccc(-c3cn(C)c4ccccc34)n2)c(OC)cc1N(C)CCN(C)C,152.7,5.028475212224587,0.1485721897608618
118,CC(C)(C)NS(=O)(=O)c1ccc(-c2sc(C(=O)N[C@H]3C[C@H](C(=O)O)C3)nc2CC2CCCCC2)c2ccccc12,325.0,5.783825182329737,0.1865459570282267
119,C[C@H](NS(=O)(=O)c1ccc(-c2sc(C(=O)NCC(C)(C)O)nc2CC2CCC2)c(C(F)F)c1)C(F)(F)F,198.0,5.288267030694535,0.1616327238748302
120,CS(=O)(=O)CCCn1c(Cn2cc(S(C)(=O)=O)c3ccccc32)nc2cc(Cl)ccc21,294.0,5.683579767338681,0.1815063115537444
121,Cc1ccc(CN2CC[C@@H](N3CC[C@@H](c4ccc(O)cc4)[C@H](F)C3)C2=O)cc1,497.22270000000015,6.20903801426613,0.2079227145023839
122,COc1cc2c(=O)n(CCN(C)C)c3c4cc5c(cc4ccc3c2cc1OC)OCO5,121.0,4.795790545596741,0.1368744155807951
123,Cc1ccn2nc([C@H](C)Nc3ncnc4[nH]cc(-c5cc(NS(C)(=O)=O)cc6[nH]ccc56)c34)n(-c3ccccc3)c(=O)c12,171.0,5.14166355650266,0.1542625161169953
124,CC(C)c1ccc2c(c1O)[C@H](C)C2,205.0,5.3230099791384085,0.1633793587998386
125,CC(C)c1ccc2c(c1O)[C@@H](C)C2,227.0,5.424950017481403,0.1685041982047098
126,CCCCCC[C@H]([C@H](C)O)n1cnc2c(N)ncnc21,97.0802,4.575537441012851,0.1258016142775543
127,CNC(=O)c1c(-c2ccc(F)cc2)oc2cc3c(cc12)[C@H](C)CCCN3S(C)(=O)=O,439.0,6.084499413075172,0.2016617758056228
128,CNC(=O)c1c(-c2ccc(F)cc2)oc2cc3c(cc12)[C@@H](C)OCCN3S(C)(=O)=O,234.0,5.455321115357702,0.1700310467491644
129,CNC(=O)c1c(-c2ccc(F)cc2)oc2cc3c(cc12)[C@H](C)NC(=O)CN3S(C)(=O)=O,379.0,5.937536205082426,0.1942734831226895
130,C#C[C@]1(CO)O[C@@H](n2cnc3c(N)nc(F)nc32)C[C@@H]1O,228.74124,5.432591408340389,0.1688883544363406
131,NC(=O)c1ccc(-c2cc(-c3ccc([N+](=O)[O-])cc3)nc(-c3ccco3)c2)cc1,258.0,5.552959584921617,0.174939633055252
132,CNC(=O)c1cccc2cc(Oc3ccnc(NC(=O)c4ccc(N5CCN(C)CC5)cc4)c3)ccc12,49.0,3.8918202981106265,0.0914290496534207
133,N#Cc1cnc(NCc2ccccc2OC(F)(F)F)nc1NC[C@]12C[C@@H]3C[C@H](C1)[C@@H](NCCO)[C@@H](C3)C2,329.0,5.796057750765372,0.1871609258840436
134,N=C(N)NCCC[C@@H]1NC(=O)[C@@H](Cc2ccccc2)NC(=O)[C@H](Cc2ccccc2)NC(=O)CCC(=O)NCCN(CC(N)=O)C(=O)[C@H](Cc2c[nH]c3ccccc23)NC1=O,489.8,6.193997144518067,0.2071665636982313
135,COc1cc2nccc(Oc3ccc4c(NC(=O)c5cccc(C(F)(F)F)c5)nn(C)c4c3)c2cc1OC,332.173913,5.805658666100527,0.1876435934406996
136,COc1cc2nccc(Oc3ccc4c(NC(=O)c5cccc(C)c5)nn(C)c4c3)c2cc1OC,127.5,4.848116364598481,0.1395049955125978
137,CC(C)(C)c1noc([C@@H]2CCCN2C(=O)C[C@H](N)Cc2cc(F)c(F)cc2F)n1,18.241777777777784,2.9037144457836344,0.0417539279789431
138,N[C@@H](CC(=O)N1CCC[C@H]1c1nc(-c2ncc(F)cc2F)no1)Cc1cc(F)c(F)cc1F,166.9278571428572,5.117561725924286,0.1530508429306268
139,N[C@@H](CC(=O)N1CCC[C@H]1c1noc(C2(C(F)(F)F)CC2)n1)Cc1cc(F)c(F)cc1F,24.77110714285715,3.209677939428396,0.0571356542777587
140,CCS(=O)(=O)c1ccc(Oc2cc3nc(-c4ccccn4)[nH]c3cc2CN2C(=O)CCC2=O)cc1,190.1321705426357,5.247719464753926,0.1595942729670047
141,COc1ccc(-c2cc3onc(-c4ccncc4)c3c(=O)n2C)cc1,36.41174923076924,3.5948915036251834,0.0765015254818108
142,CC(=O)NC(C)(C)[C@@H]1CC2(CCN(C(=O)[C@@H]3CN(C(C)(C)C)C[C@H]3c3ccc(F)cc3F)CC2)c2cc(Cl)c(C)cc21,363.7539393939396,5.896477648376034,0.19220934313671
143,O=C(Nc1cc2cc[nH]c(=O)c2cc1Cl)C(NC1CC1)c1ccccc1,202.03125,5.308422388406231,0.162645995726589
144,CN(C)C(C(=O)Nc1cc2cc[nH]c(=O)c2cc1Cl)c1ccccc1,150.0,5.010635294096256,0.1476753221817451
145,CC(C)NC(=O)Cn1c(-c2ccc(F)c(C(F)(F)F)c2)cn2nc(OCCCN3CCCCC3)cc2c1=O,373.9130435,5.924023266370589,0.1935941461132896
146,O=C(c1ccc(-c2ccc3c(c2)CNC3)s1)N1N=C(c2cccnc2)CC1c1ccccc1O,296.6026714285715,5.692393436502689,0.1819494018229596
147,NCc1ccccc1-c1ccc(C(=O)N2N=C(c3cccnc3)CC2c2ccccc2O)s1,293.068355263158,5.680405876221666,0.181346750280984
148,NC(=O)c1ccccc1Nc1ccnc(Oc2ccc(N3CCNCC3)cc2)c1,417.27750000000015,6.033751468099305,0.1991105204563411
149,N#Cc1cc(NCC(=O)NC2CN([C@H]3CC[C@@](O)(c4cncs4)CC3)C2)c2cc(C(F)(F)F)ccc2n1,120.0,4.787491742782046,0.1364572092272434
150,O=C(CNc1ncnc2ccc(C(F)(F)F)cc12)NC1CN([C@H]2CC[C@@](O)(c3cncs3)CC2)C1,353.3333333,5.867411898343663,0.1907481184450257
151,COc1ccccc1CNc1ncc(C(=O)NC2CCN(C)CC2)c(NC2CCCC2)n1,147.3170732,4.992587224423229,0.1467679901839782
152,CN1CCN(CCNC(=O)c2cccc(-n3ncc4cc(Nc5c(Cl)cccc5Cl)ccc43)c2)CC1,497.2946000000002,6.2091826070251,0.2079299836253004
153,COc1cc(NC(=O)c2cccc(-n3ncc4cc(Nc5ccccc5F)ccc43)c2)cc(OC)c1OC,256.27050000000014,5.546233527252789,0.1746014934396413
154,O=C(NCCN1CCOCC1)c1ccnc(-n2ncc3cc(Nc4ccccc4Cl)ccc32)c1,47.69680000000001,3.864864309690054,0.0900738891698608
155,O=C(NCCCN1CCOCC1)c1cccc(-n2ncc3cc(Nc4ccccc4Cl)ccc32)c1,40.833916666666674,3.709513026928918,0.0822639021575667
156,O=C(O)Cn1c2c(c3cc(F)ccc31)CN(C(=O)c1cccs1)CC2,488.0,6.190315405853148,0.2069814713665516
157,CCNC(=O)C[C@@H]1N=C(c2ccc(Cl)cc2)c2cc(OC)ccc2-n2c(C)nnc21,248.1481481,5.514025939180699,0.172982318882022
158,Cc1nc(N2CCN(C)CC2)c2nc(-c3ccccc3Cl)n(C3CCOCC3)c2n1.Cl,395.5223881,5.980207392685235,0.1964186950260215
159,Cc1nc(N2CCN(C)CC2)c2nc(-c3ccccc3Cl)n(CCS(C)(=O)=O)c2n1.Cl,495.2380952,6.2050386473291175,0.2077216540200994
160,Cc1cc2c(cc1NC1CNC1)N1C(=NNC(=O)[C@H]1C)CO2,217.3913043,5.381698975267088,0.1663298352257998
161,C[C@@H]1C(=O)NN=C2COc3cc(-c4ccccc4)c(NC4CNC4)cc3N21,265.4320988,5.581359059573548,0.1763673620333808
162,C[C@@H]1C(=O)NN=C2COc3cc(C(F)(F)F)c(NC4CNC4)cc3N21,486.9047619,6.188068543177799,0.2068685146660918
163,C[C@@H]1C(=O)NN=C2COc3cc(C(F)(F)F)c(NC4(C)CNC4)cc3N21,352.2522523,5.864347544796673,0.190594063962966
164,C[C@H](NC(=O)CNC(=O)c1cccc(Cl)c1)c1ccccc1,278.7755102,5.630406834999513,0.1788331446278361
165,CN(c1ccc(-c2cc3cccnc3cc2O)nn1)C1CC(C)(C)NC(C)(C)C1,99.58200652173916,4.600981490857779,0.1270807649565648
166,CN(c1ccc(-c2ccc(-n3ccc(N)n3)cc2O)nn1)C1CC(C)(C)NC(C)(C)C1,96.95627000000005,4.574260052109088,0.1257373960067379
167,CN(c1ccc(-c2ccc(-c3cn[nH]c3)cc2O)nn1)C1CC(C)(C)NC(C)(C)C1,176.4204150943397,5.172869868703602,0.1558313534555687
168,CC1(C)CC(Oc2ccc(-c3ccc(-c4cn[nH]c4)cc3O)nn2)CC(C)(C)N1,189.2504333333334,5.2430711820551394,0.1593605894926119
169,CC(C)n1c(=O)c(C(=O)NCCCN2CCCCC2)c(O)c2ccsc21,366.6666667,5.904453170209261,0.1926102971605628
170,COCCCN1CCC(NC(=O)c2cc(Cl)c(N)c3c2OCC3)CC1,328.5714286,5.794754252948884,0.1870953950378453
171,COCCCN1CCC(CNC(=O)c2nc(C(C)C)c3ccccn23)CC1,228.5714286,5.43184875929756,0.1688510191837692
172,COC(=O)N1CCC(CN2CCC(CNC(=O)c3nc(C(C)C)c4ccccn34)CC2)CC1,247.6190476,5.511891466769173,0.1728750123859582
173,CC(C)c1nc(C(=O)NCC2CCN(CC3CCOCC3)CC2)n2ccccc12,214.6666667,5.369086437591523,0.1656957641470969
174,COCCCN1CC2C(CNC(=O)c3nc(C(C)C)c4ccccn34)C2C1,218.8405797,5.388343518159399,0.1666638768427678
175,CC(C)c1nc(C(=O)NCC2C3CN(C4CCOCC4)CC23)n2ccccc12,268.8888889,5.594298241855835,0.1770178545415743
176,COCCCN1CCC(CNC(=O)c2cccn3cc(C(C)C)nc23)CC1,179.4871795,5.190103781979232,0.1566977553060164
177,CC(C)c1cn2cccc(C(=O)NCC3CCN(CC4CCOCC4)CC3)c2n1,175.0,5.1647859739235145,0.1554249511902053
178,COC(=O)N1CCC(CN2CCC(CNC(=O)c3cccn4cc(C(C)C)nc34)CC2)CC1,242.4242424,5.490689259095492,0.1718091121653722
179,COCCCN1CC2C(CNC(=O)c3cccn4cc(C(C)C)nc34)C2C1,376.1904762,5.930095600757007,0.1938994210479366
180,CC(C)c1cc2cccc(C(=O)NCC3CCN(CC4CCOCC4)CC3)n2n1,188.8888889,5.241158952766912,0.1592644558422156
181,CC(C)c1cc2cccc(C(=O)NCC3CCN(C(C)C)CC3)n2n1,205.1282051,5.323635174394827,0.1634107892891528
182,COCCCN1CCC(c2nnc(-c3cccc4cc(C(C)C)nn34)o2)CC1,294.047619,5.683741723610812,0.1815144535938963
183,CC(C)c1cc2cccc(-c3nnc(C4CCN(CC5CCOCC5)CC4)o3)n2n1,471.2365591,6.1553602165517525,0.205224166440554
184,C[C@H](Cc1ccccc1)n1c(-c2ncccc2C(F)(F)F)nc2ccnc(C(F)(F)F)c2c1=O,1200.0,7.090076835776092,0.2522152470841688
185,C[C@H](Cc1ccccc1)n1c(-c2ncccc2Cl)nc2ccnc(C(F)(F)F)c2c1=O,810.0,6.697034247666484,0.2324557867575083
186,Cc1oc(-c2ccccc2)nc1CCCc1ccc(C[C@@H](C(=O)O)n2nccn2)cc1,928.0,6.833031732786201,0.2392927988092386
187,Cc1cccc2c1C(=O)NC1CNCCN21,509.285568,6.233008896556015,0.209127804515352
188,COc1ccc([C@@H](CC(=O)N[C@@H](CC(C)C)B(O)O)NC(=O)c2ccccc2)cc1,933.0,6.838405200847344,0.2395629395832483
189,CC(C)C[C@H](NC(=O)[C@H](Cc1ccccc1)NC(=O)c1cnccn1)B(O)O,654.0,6.483107351457199,0.2217010234154905
190,O=c1[nH]c(=O)c2cc(-c3ccncn3)c(-c3ccco3)nc2[nH]1,880.0,6.779921907472252,0.2366228044676732
191,CCCCn1c2ccc(C3CCCCO3)cc2c2c3c(c4c(c21)CCc1nn(C)cc1-4)C(=O)NC3,1159.0,7.055312843339752,0.2504675542129052
192,CC(C)Cn1c2ccc(C3CCCCO3)cc2c2c3c(c4c(c21)CCc1nn(C)cc1-4)C(=O)NC3,862.0,6.759255270663693,0.2355838290424698
193,CC(C)(C)c1nnc(-c2nn(-c3ccccc3Cl)c(-c3ccc(Br)cc3)c2Cn2cncn2)s1,1998.33,7.6000671107354,0.2778540274858259
194,CC(C)C[C@H](NC(=O)CC(NC(=O)C[C@@H]1CCCc2ccccc21)c1cccc(F)c1)B(O)O,1095.0,6.9985096422506015,0.247611882506318
195,CC(C)C[C@H](NC(=O)CC(NC(=O)c1ccc2ccccc2c1)c1cccc(F)c1)B(O)O,1706.0,7.441906728051625,0.2699028183766034
196,CC(C)C[C@H](NC(=O)CC(NC(=O)Cc1cccc2c1CCCC2)c1cccc(F)c1)B(O)O,957.0,6.863803391452954,0.2408397847771858
197,CCOC(=O)N1CCCOc2cc(Nc3ncc(Cl)c(Nc4c(F)cccc4C(=O)NC)n3)ccc21,1224.0,7.109879463072272,0.253210786092561
198,COc1cc(/C=C/c2nc3cc(Cl)ccc3c(=O)[nH]2)ccc1-n1cnc(C)c1,1178.5380000000005,7.072029966234795,0.2513079754207169
199,CNC(=O)c1cccc(F)c1Nc1nc(Nc2ccc3c(c2)NC(=O)CCC3)ncc1Cl,1261.0,7.13966033596492,0.2547079622109197
200,COc1cc2c(cc1Nc1ncc(Cl)c(Nc3ccc(N4CCOCC4)cc3OC)n1)CCN(CC(=O)N(C)C)CC2,1019.0,6.926577033222725,0.2439956089082948
201,CN(C)CCNC(=O)c1cccc(NC(=O)Nc2ccc(N(CCCl)CCCl)cc2)c1.Cl,934.93,6.840471660175904,0.2396668268523499
202,N#Cc1cc(O[C@@H]2C[C@H]3CC[C@@H](C2)N3)cc(-c2ncccc2C#N)c1,563.0,6.333279628139691,0.2141687227328464
203,CC(C)[C@](O)(c1ccc2c3c(ccc2c1)C(=O)N(C)C3)c1c[nH]cn1,573.0,6.35088571671474,0.2150538349808081
204,CCO[C@@H]1Cc2cc(C(F)(F)F)ccc2[C@H]1N1CCN(C2(C)CCN(C(=O)c3c(C)ncnc3C)CC2)C[C@@H]1C,1621.9439460000008,7.391380675508531,0.2673627182426972
205,COc1c2c(c(O)c3cc(CNCC(C)C)ccc13)C(=O)C1=C(O)[C@]3(O)C(=O)C(C(N)=O)=C(O)[C@@H](N(C)C)[C@@H]3C[C@@H]1C2,815.0,6.703188113240863,0.2327651605158518
206,CN(C)[C@@H]1C(O)=C(C(N)=O)C(=O)[C@@]2(O)C(O)=C3C(=O)c4c(c(F)c5ccc(CNC(C)(C)C)cc5c4O)C[C@H]3C[C@@H]12,975.0,6.882437470997847,0.2417765772944092
207,CN(C)[C@@H]1C(O)=C(C(N)=O)C(=O)[C@@]2(O)C(O)=C3C(=O)c4c(c(F)c5ccc(CN6CC(F)C6)cc5c4O)C[C@H]3C[C@@H]12,1043.0,6.949856455000773,0.2451659370736554
208,CN(C)c1cc(NC(=O)CNC(C)(C)C)c(O)c2c1C[C@H]1C[C@H]3[C@H](N(C)C)C(O)=C(C(N)=O)C(=O)[C@@]3(O)C(O)=C1C2=O,1052.0,6.958448393297656,0.2455978802498973
209,COc1c2c(c(O)c3cc(CN4CCC4)ccc13)C(=O)C1=C(O)[C@]3(O)C(=O)C(C(N)=O)=C(O)[C@@H](N(C)C)[C@@H]3C[C@@H]1C2,1648.0,7.4073177104694174,0.2681639220296681
210,COCCNCc1ccc2cc3c(c(O)c2c1)C(=O)C1=C(O)[C@]2(O)C(=O)C(C(N)=O)=C(O)[C@@H](N(C)C)[C@@H]2C[C@@H]1C3,1978.0,7.589841512182657,0.2773399551816232
211,CCc1nc2c(C)cc(CC(C)C)nc2n1[C@H]1CCc2cc(-c3ccccc3-c3nnn[nH]3)ccc21,1220.0,7.106606137727303,0.2530462259551945
212,CN1C[C@@H](COc2ccc(C(=O)Nc3cccc(CC(=O)O)c3)cc2)Oc2ccccc21,670.0,6.507277712385012,0.2229161418333984
213,Cc1cc(Nc2nc(Sc3ccc(NC(=O)CN4C[C@H](Oc5ccc(F)cc5)[C@@H](O)C4)cc3)nn3cccc23)n[nH]1,672.3311400000001,6.510750987010082,0.2230907540363349
214,Cc1cc(Nc2nc(Sc3ccc(NC(=O)C4CC4)cc3)nn3cccc23)n[nH]1,948.8395800000004,6.855239743224981,0.2404092638297588
215,Cc1ccc(C(=O)NC2CC2)cc1-c1cnc2c(c1)NC(=O)C21CCCC1.Cl,1848.0,7.521859252201629,0.2739222777857141
216,Cc1nnc(-c2ccc(C)c(-c3ccc4c(c3)NC(=O)C43CCN(S(C)(=O)=O)CC3)c2)[nH]1,1030.0,6.937314081223682,0.2445353933500286
217,C[C@@H]1CCCN1CCc1ccc(-c2ccc(=O)n(C)n2)cc1,1647.0,7.40671073017764,0.2681334072626752
218,C[C@@H]1CCCN1CCc1ccc(-c2ccc(=O)n(-c3ccc(F)cc3)n2)cc1,1295.0,7.166265974133638,0.2560455095092641
219,Cn1cc(/C=C2\C(=O)NN=C2c2nccs2)c2c(OCc3ccccc3)cccc21,972.0,6.879355804460439,0.2416216524350478
220,CN(c1ccccc1-c1cc(Cl)c2cnc(Nc3ccc(C4CCN(CC(N)=O)CC4)cc3)nn12)S(C)(=O)=O,1320.0,7.1853870155804165,0.2570067830997145
221,COc1cc(OC)cc(N2CCN(C(=O)Nc3nc4cccc(C)c4nc3OC)CC2)c1,1240.0,7.122866658599083,0.2538636923742972
222,CCC(CC)c1cc(C)n2nc(-c3cnc(OC(F)F)cc3C)n(C)c(=O)c12,518.0,6.249975242259483,0.209980754920621
223,CN(C)[C@@H]1C(O)=C(C(N)=O)C(=O)[C@@]2(O)C(O)=C3C(=O)c4c(O)c(NC(=O)CN5CCCC5)cc(F)c4C[C@H]3C[C@@H]12,1766.0,7.476472381163905,0.2716405401197411
224,CCN1C(=O)CCCc2c1ccc(Nc1ncc(Cl)c(N[C@H]3[C@@H](C(N)=O)[C@@H]4C=C[C@H]3C4)n1)c2OC,1276.0,7.151485463904735,0.2553024477792859
225,OC(CCN1CC=C(Cc2ccccc2)CC1)c1csc2ccccc12,1025.0,6.932447891572509,0.2442907550226228
226,OC(CCN1CCC(O)(Cc2ccccc2)CC1)c1ccc(Cl)c(Cl)c1,1234.0,7.1180162044653335,0.2536198451197717
227,COc1c(Nc2ncc(Cl)c(N[C@H]3[C@@H](C(N)=O)[C@@H]4C=C[C@H]3C4)n2)ccc2c1CC[C@@H](N1CCOCC1)CC2,989.0,6.8966943316227125,0.2424933135474821
228,CCN1CCN(Cc2ccc(NC(=O)c3cccc(-c4ccc5nc(NC(=O)C6CC6)sc5n4)c3)cc2C(F)(F)F)CC1,1230.0,7.114769448366463,0.2534566207001623
229,Cc1cn(-c2cc(NC(=O)c3cccc(-c4ccc5nc(NC(=O)C6CC6)sc5n4)c3)cc(C(F)(F)F)c2)cn1,1852.78,7.524442492847186,0.2740521452417971
230,COc1cc(C2CCN(CC(N)=O)CC2)ccc1Nc1ncc2ccc(-c3ccccc3OC)n2n1,1106.0,7.00850518208228,0.2481143890507044
231,Cc1cc(Nc2nc(Sc3ccc(NC(=O)CN4CC[C@@H](C(=O)NC5CCCC5)C4)cc3)nn3cccc23)n[nH]1,1007.4600000000004,6.915187590799433,0.2434230265914821
232,Cc1cc(Nc2nc(Sc3ccc(NC(=O)CN4CC[C@@H](C(=O)N5CCC(F)(F)C5)C4)cc3)nn3cccc23)n[nH]1,814.3142000000003,6.702346286611597,0.232722839300833
233,Cc1sc2nc1C(=O)N[C@@H]([C@H](O)c1ccccc1)c1nc(cs1)C(=O)N[C@@H](Cc1ccc(O)cc1)C(=O)N1C[C@H](O)[C@H](C)[C@H]1c1nc(cs1)-c1nc(cs1)-c1nc(-c3nc(C(N)=O)cs3)ccc1-c1nc(cs1)C(=O)N[C@H]2CC(N)=O,1625.378158,7.393495780305842,0.2674690510691989
234,CCOP(=O)(O)C1=C[C@@H](OC(CC)CC)[C@H](NC(C)=O)[C@@H](N)C1,1286.0,7.1592919047975645,0.2556949015839898
235,CN(c1ccc(F)c(NC(=O)c2cccc(OC(C)(C)C#N)c2Cl)c1)c1ccc2nc(NC(=O)C3CC3)sc2n1.O.O=S(=O)(O)c1ccccc1,600.0,6.396929655216146,0.2173686054500276
236,CCn1cc2c(Oc3cnc(C(=O)N4CCC4)c(F)c3)cc(C(=O)Nc3cnc(C)cn3)cc2n1,1580.0,7.365180126021013,0.2660455359988459
237,N[n+]1ccn(-c2ncc(F)c3c(C(=O)C(=O)N4CCN(C(=O)c5ccccc5)CC4)c[nH]c23)n1.O=C([O-])C(F)(F)F,1856.2237400000013,7.526299455649597,0.2741455004758923
238,COc1cccc(CN(C)C(=O)Nc2ccc(-c3cn[nH]c3)cc2)c1,1984.7305,7.593238415641982,0.2775107279710577
239,COc1cccc(CN(CCO)C(=O)Nc2ccc(-c3cn[nH]c3)cc2)c1,1538.9682000000005,7.33886747085737,0.2647227178576982
240,O=C(Nc1ccc(-c2cn[nH]c2)cc1)N(CCO)Cc1ccccc1,1211.0220000000002,7.099219910192372,0.2526748975690212
241,CCN(Cc1cccc(OC)c1)C(=O)Nc1ccc(-c2cn[nH]c2)cc1O[C@H]1CCN(C)C1,584.4215000000004,6.370622469069766,0.2160460622532061
242,CN[C@@H](C)C(=O)N[C@H]1CN(C(=O)CCCCc2ccc(CCCCC(=O)N3CC[C@H]4CC[C@@H](C(=O)NC(c5ccccc5)c5ccccc5)N4C(=O)[C@@H](NC(=O)[C@H](C)NC)C3)cc2)CC[C@H]2CC[C@@H](C(=O)NC(c3ccccc3)c3ccccc3)N2C1=O,885.0,6.785587645007929,0.2369076385275036
243,CN(C)Cc1ccc([C@H]2C[C@@H]2C(=O)Nc2nc3ccc(-c4cn[nH]c4)cc3s2)cc1,1169.1064,7.063994975294257,0.2509040317018485
244,Cc1cnc(Nc2ccc(C(=O)Nc3c(C)cccc3C)cc2)nc1-c1ccc(OC(F)(F)F)cc1,920.0,6.824373670043086,0.2388575313536147
245,CS(=O)(=O)c1ccc(C(=O)Nc2ccc(Cl)c(-c3ccccn3)c2)c(Cl)c1,2500.0,7.824046010856292,0.2891141359952723
246,Cc1ccc(CN2CCOCC2)cc1NC(=O)c1ccc(Nc2nc(-c3ccc(OC(F)(F)F)cc3)c3cccn3n2)cn1,1935.17,7.567950456901989,0.2762394244721968
247,Cc1ccc(CN2CCOCC2)cc1NC(=O)c1ccc(Nc2nc(-c3ccccn3)c3cccn3n2)cc1,764.22,6.638855705829723,0.229530972439509
248,Cc1ccc(CN2CCOCC2)cc1NC(=O)c1ccc(Nc2nc(-c3cnn(C)c3)c3cccn3n2)cc1,790.59,6.672779502161291,0.2312364260672375
249,Cc1ccc(CN2CCOCC2)cc1NC(=O)c1ccc(Nc2nc(-c3ccc(OC(F)(F)F)cc3)c3cccn3n2)cc1,2230.32,7.709900351917193,0.2833756824853981
250,Cc1cccc(C)c1NC(=O)c1ccc(Nc2nc(-c3ccc(OC(F)(F)F)cc3)c3cccn3n2)cc1,1427.65,7.263785014818881,0.2609480917581288
251,Cc1ccc(CN2CCOCC2)cc1NC(=O)c1ccc(Nc2ncc(C)c(-c3cnn(C)c3)n2)cc1,1200.0,7.090076835776092,0.2522152470841688
252,Cc1ccc(CN2C[C@@H](C)O[C@@H](C)C2)cc1NC(=O)c1ccc(Nc2ncc(C)c(-c3ccc(OC(F)(F)F)cc3)n2)cc1,580.0,6.363028103540465,0.215664270129599
253,Cc1ccc(CN2CCOCC2)cc1NC(=O)c1ccc(Nc2ncc(C)c(-c3ccc(OC(F)(F)F)cc3)n2)cc1,1300.0,7.170119543449628,0.2562392402965092
254,[2H]C([2H])([2H])Oc1ccc(Cc2cc([C@@H]3O[C@H](CO)[C@@H](O)[C@H](O)[C@H]3O)ccc2Cl)cc1,1332.0,7.194436851100335,0.2574617461783434
255,COc1ccc(Cc2cc([C@@H]3O[C@H](CO)[C@@H](O)[C@H](O)[C@H]3O)ccc2Cl)cc1,1225.0,7.110696122978827,0.2532518420989891
256,COc1cc(N2CCOCC2)ccc1-c1nc2c(N[C@H]3[C@@H](C(N)=O)[C@@H]4C=C[C@H]3C4)c(Cl)cnc2[nH]1,2480.0,7.8160138391590275,0.2887103340084384
257,COc1cc(N2CCC(N3CCOCC3)CC2)ccc1-c1nc2c(N[C@H]3[C@@H](C(N)=O)[C@@H]4C=C[C@H]3C4)c(Cl)cnc2[nH]1,1751.0,7.467942332285852,0.2712117083150224
258,COc1cc(N2CCC(N3CCN(C)CC3)CC2)ccc1-c1nc2c(N[C@H]3[C@@H](C(N)=O)[C@@H]4C=C[C@H]3C4)c(Cl)cnc2[nH]1,1431.0,7.266128779556451,0.2610659200234316
259,COc1cc(CN2CCN(C)CC2)ccc1-c1nc2c(N[C@H]3[C@@H](C(N)=O)[C@@H]4C=C[C@H]3C4)c(Cl)cnc2[nH]1,1137.0,7.036148493750536,0.2495041033888719
260,CC(C)C[C@@H]1NC(=O)[C@H](Cc2ccc(O)cc2)N(C)C(=O)[C@H]2CCCN2C(=O)[C@H](CC(C)C)NC(=O)[C@H](CCCCN)N(C)C(=O)[C@@H](CC(C)C)N(C)C1=O,1640.0,7.402451520818244,0.2679192837022623
261,CC(C)N1CCC(Oc2ccc(C3(C(N)=O)CCOCC3)cc2)CC1,776.0,6.654152520183219,0.2302999903665381
262,Cc1cn(-c2cc3c(c(CC(C)C)c2)C(=O)NCC3)c2c1C(=O)CC(C)(C)C2,640.0,6.461468176353717,0.2206131554976259
263,Cc1cn(-c2cc3c(c(C4CCCC4)c2)C(=O)NCC3)c2c1C(=O)CC(C)(C)C2,530.0,6.272877006546167,0.2111320970818096
264,N#Cc1cccc(Cn2cc(NC(=O)c3n[nH]c4cc(-c5cn[nH]c5)ccc34)cn2)c1,735.1650000000002,6.600094963814692,0.2275823506686175
265,CC(C)(O)[C@@H](c1ccccc1)n1cc(NC(=O)c2n[nH]c3cc(-c4cn[nH]c4)ccc23)cn1,1103.7375000000002,7.006457426825729,0.2480114420928565
266,[O-][S+](c1cccc(OC(F)(F)F)c1)c1c(O)c(-c2cccnc2)cc2ccccc12,1776.0,7.4821189235521155,0.2719244091804434
267,COC(=O)N[C@H](C(=O)N1CCC[C@H]1c1ncc(-c2ccc3c(=O)c4cc(-c5cnc([C@@H]6CCCN6C(=O)[C@@H](NC(=O)OC)C(C)C)[nH]5)ccc4oc3c2)[nH]1)C(C)C,626.0,6.439350371100098,0.219501225369332
268,CNC(=N)NCCC[C@H](NC(=O)[C@H](CC(C)C)NC(=O)NNC(=O)[C@H](Cc1ccccc1)NC(=O)[C@@H](NC(=O)[C@H](CC(N)=O)NC(=O)[C@@H](Cc1c[nH]c2ccccc12)NC(=O)[C@H](N)Cc1ccc(O)cc1)[C@@H](C)O)C(=O)N[C@@H](Cc1c[nH]c2ccccc12)C(N)=O,503.0,6.220590170099739,0.2085034769230149
269,CNC(=N)NCCC[C@H](NC(=O)[C@H](CC(C)C)NC(=O)NNC(=O)[C@H](Cc1ccccc1)NC(=O)[C@@H](NC(=O)[C@H](CC(N)=O)NC(=O)[C@@H](Cc1c[nH]c2ccccc12)NC(=O)[C@@H](Cc1ccc(O)cc1)NC(C)=O)[C@@H](C)O)C(=O)N[C@@H](Cc1c[nH]c2ccccc12)C(N)=O,1225.0,7.110696122978827,0.2532518420989891
270,CNC(=N)NCCC[C@H](NC(=O)[C@H](CC(C)C)NC(=O)NNC(=O)[C@H](Cc1ccccc1)NC(=O)[C@@H](NC(=O)[C@H](CC(N)=O)NC(=O)[C@@H](Cc1ccncc1)NC(=O)[C@@H](Cc1ccc(O)cc1)NC(C)=O)[C@@H](C)O)C(=O)N[C@@H](Cc1c[nH]c2ccccc12)C(N)=O,1262.0,7.140453043101158,0.2547478140378795
271,O=C(Nc1cncc(Oc2cncnc2)n1)c1cc(Cl)ccn1,568.68387,6.343324690977513,0.2146737189511377
272,CN1CCC(c2ccc3nc(Nc4ccc(C(F)(F)F)cn4)[nH]c3c2)CC1,2252.3880000000004,7.719746265715766,0.2838706668686893
273,CO[C@@H]1C(c2ccc(C#N)c(Cl)c2C)=NN2CC[C@H](O)[C@@H]12,708.0,6.56244409369372,0.2256895255730019
274,Cc1c(Cc2ccccc2S(=O)(=O)c2ccc(F)cc2)c2c(n1CC(=O)O)CCNC2=O,2460.0,7.807916628926408,0.2883032623343035
275,Cc1c(Cc2ccccc2S(=O)(=O)c2ccccc2)c2c(n1CC(=O)O)CC(C)(C)NC2=O,2050.0,7.625595072132453,0.279137396656764
276,CCN(Cc1cc(C(F)(F)F)ccc1-n1cc(CC(=O)O)c2ccc(C)nc21)C(=O)C1CC1,1225.0,7.110696122978827,0.2532518420989891
277,CCN(Cc1ccccc1-n1cc(CC(=O)O)c2ccc(C(F)(F)F)cc21)C(=O)C1CC1,1074.0,6.97914527506881,0.2466383761824365
278,Cc1cc(Cl)cc2c1OC(C(F)(F)F)C(C(=O)O)=C2,1440.45,7.272710843752091,0.2613968206440662
279,C[C@]1(C(=O)N(CCCC(=O)O)Cc2cccc(Cl)c2)CCN1C(=O)c1csc2ccccc12,517.0,6.248042874508429,0.2098836088477308
280,Cc1nc2ccc(C(=O)N3CCC4(CC3)CC(=O)c3c(cnn3C(C)C)C4)cc2[nH]1,686.0,6.530877627725885,0.2241025821963458
281,COc1cc(C)c(-c2cnc3[nH]c(-c4c(F)cccc4Cl)cc3c2)cn1,596.0,6.39024066706535,0.2170323294331541
282,COc1cc(OC)c(-c2cnc3[nH]c(-c4c(F)cccc4Cl)cc3c2)cn1,1824.0,7.508787170634276,0.273265104021519
283,O=C(O)CCCN1CC(c2nnn[nH]2)Oc2c(NC(=O)c3ccc(OCCCCc4ccccc4)cc3)cccc21,2100.0,7.649692623711514,0.2803488547246702
284,O=C(O)CCCN1CC(c2nnn[nH]2)Oc2c(CCc3ccc(OCCCCc4ccccc4)cc3)cccc21,1200.0,7.090076835776092,0.2522152470841688
285,Cc1c[nH]c2ncnc(-c3ccc(NC(=O)Nc4cccc(C(=O)NC(C)C)c4)cc3)c12,1842.5328000000009,7.518896425804633,0.2737733273858915
286,Cc1c[nH]c2ncnc(-c3ccc(NC(=O)Nc4cccc(C(=O)NC(C)C)c4)c(F)c3)c12,2455.673000000001,7.806156137080199,0.2882147569920252
287,Cc1c[nH]c2ncnc(-c3ccc(NC(=O)N(CCO)c4ccccc4Cl)cc3)c12,2151.6288000000004,7.673980415697122,0.281569876763198
288,Cc1[nH]c2ncnc(-c3ccc(NC(=O)N(CCN(C)C)c4ccc(Cl)cc4)c(F)c3)c2c1C,1442.9250000000006,7.274427582371146,0.2614831263769833
289,COCCN(C(=O)Nc1ccc(-c2ncnc3[nH]c(C)c(C)c23)cc1F)c1ccc(Cl)cc1,2386.4532000000013,7.777563525945685,0.2867773184486211
290,COc1ccc2c(c1)[C@]1(C[C@H]1c1ccc3c(/C=C/c4ccc(CN5CCOCC5)cc4)n[nH]c3c1)C(=O)N2C,553.0,6.315358001522335,0.2132677474165631
291,C[C@@H]1CN(Cc2ccc(/C=C/c3n[nH]c4cc([C@@H]5C[C@@]56C(=O)Nc5ccccc56)ccc34)cc2)C[C@H](C)O1,1234.0,7.1180162044653335,0.2536198451197717
292,COc1ccc2c(c1)[C@]1(C[C@H]1c1ccc3c(/C=C/c4ccc(CN5C[C@@H](C)O[C@@H](C)C5)cc4)n[nH]c3c1)C(=O)N2,534.0,6.280395838960195,0.2115100919232907
293,N#Cc1ccc(N2C(=O)[C@]3(CCOC3)N(c3ccc(C(=O)O)c(F)c3)C2=S)cc1C(F)(F)F,509.0,6.2324480165505225,0.2090996073516048
294,COC(=O)c1ccc(N2C(=S)N(c3ccc(C#N)c(C(F)(F)F)c3)C(=O)[C@]23CCOC3)cc1F,712.0,6.568077911411976,0.2259727549253907
295,CC[C@@H](C)Oc1cc2c(cc1OC)CC(=O)N(c1ccc(N(C)C[C@H]3CC[C@H](N(C)C)CC3)cc1)[C@H]2c1ccc(Cl)cc1,951.0658900000006,6.857583345108496,0.2405270839078871
296,CS(=O)(=O)O.Cc1cc(Nc2ncc(Cl)c(Nc3cn(C)nc3S(=O)(=O)C(C)C)n2)c(OC(C)C)cc1C1CCN(C)CC1,988.0,6.895682697747868,0.2424424555997181
297,O=C(Nc1ccc(F)cc1)c1cnc(N(Cc2ccccc2)Cc2ccc(B(O)O)cn2)nc1,1998.2873800000004,7.6000457826992385,0.27785295525982
298,CC(C)N1CCN(S(=O)(=O)c2ccc(NC(=O)c3ccc(S(F)(F)(F)(F)F)cc3)cc2)CC1,779.45,6.65858854275869,0.2305230028713911
299,N[C@@]1(C(=O)O)C[C@@H](Sc2nnc[nH]2)[C@H]2[C@H](C(=O)O)[C@H]21,1395.89827,7.241293408174152,0.2598173694836881
300,O=C(/C=C/CNC1CC1)Nc1cc2c(Nc3ccc(F)c(Cl)c3)ncnc2cc1O[C@H]1CCOC1,662.4,6.49586960307105,0.2223426210745523
301,COc1cc2ncnc(Nc3cccc(Cl)c3F)c2cc1OC(=O)N1CCN(C)CC1,763.7958660000006,6.638300562365143,0.2295030636693253
302,Cn1cc(C(=O)O)c2ccc(N3CCC(OCc4c(-c5c(Cl)cccc5Cl)noc4C4CC4)CC3)cc21,577.0,6.3578422665081,0.2154035621447611
303,CN(C)CC(=O)N1CCC[C@@H](n2nc(-c3ccc(Oc4ccccc4)cc3)c3c(N)ncnc32)C1,619.33,6.428638248559866,0.2189626940072064
304,Cc1ccc(CN2CCOCC2)cc1NC(=O)c1ccc(Nc2ncc(F)c(-c3ccc(OC(F)(F)F)cc3)n2)cc1,2031.06,7.616313103241515,0.2786707635192816
305,Cc1ccc(CN2CCOCC2)cc1NC(=O)c1ccc(Nc2nccc(-c3ccc(OC(F)(F)F)cc3)n2)cc1,2437.61,7.798773330058884,0.2878436005655965
306,Cc1ccc(CN2CCOCC2)cc1NC(=O)c1ccc(Nc2ncc(F)c(-c3ccc(OC(F)(F)F)cc3)n2)cn1,1891.59,7.545173024225825,0.275094332843647
307,Cc1ccc(CN2CCOCC2)cc1NC(=O)c1ccc(Nc2ncc(F)c(-c3ccc(OC(F)(F)F)cc3)n2)nc1,624.66,6.437207501714717,0.2193934967315542
308,O=C(Nc1cccc(CN2CCOCC2)c1)c1ccc(Nc2nccc(-c3ccc(OC(F)(F)F)cc3)n2)cc1,769.13,6.645260005933396,0.2298529363122466
309,Cc1c(C(=O)Nc2ccc(N3C[C@@H](C)O[C@@H](C)C3)nc2)cccc1-c1ccc(OC(F)(F)F)cc1,2199.66,7.696058081948482,0.2826797889803375
310,CNc1nc(Nc2ccc(C)c(N)c2)ncc1C(=O)Nc1cc(NC(=O)c2cccc(C(F)(F)F)c2)ccc1C,720.69,6.580209086435214,0.2265826264223711
311,CC(=O)N1CCN([C@H]2CC[C@H](c3cc(OC4CC4)c(Nc4ncc(Cl)c(Nc5cn(C)nc5S(=O)(=O)C(C)C)n4)cc3C)CC2)CC1,770.0,6.646390514847729,0.2299097704740333
312,Cc1cc(-c2cnn3c(NCC4CCOCC4)nc(Oc4ccccc4)nc23)ccc1C(=O)NC1CC1,871.0,6.769641976852503,0.2361060007232782
313,C[C@@H](c1ccc2[nH]c(=O)sc2c1)c1ccn(-c2ccc(OCCO)cn2)n1,1470.0,7.293017679772782,0.2624177077765286
314,NP(=O)(OCCCCOc1ccc2ncnc(Nc3cccc(Br)c3)c2c1)N(CCCl)CCCl,661.0,6.493753839851686,0.2222362551471481
315,C=CC(=O)Nc1cc(Nc2ncc(C(=O)Nc3cc(NC(=O)c4cc(OC)c(OC)c(OC)c4)ccc3C)c(NC)n2)ccc1C,1388.25,7.235799240121716,0.2595411607497129
316,Cc1cc([C@@H]2CN(C(=O)c3ccc(F)c(Br)c3)CC(F)(F)C2)n2ncnc2n1,508.0,6.230481447578482,0.2090007418780957
317,COc1cc2ncnc(Nc3ccc(F)c(Cl)c3)c2cc1OCCCN1CCOCC1,500.8,6.216206819785889,0.2082831124148302
318,CC(C)C(O/N=C(\C(=O)N[C@@H]1C(=O)N(OS(=O)(=O)O)C1(C)C)c1csc(N)n1)c1cc(=O)c(O)cn1O,1730.0,7.455876687491824,0.2706051312243061
319,CC(C)[C@H](O/N=C(\C(=O)N[C@@H]1C(=O)N(OS(=O)(=O)O)C1(C)C)c1csc(N)n1)c1cc(=O)c(O)cn1O,675.0,6.51471269087253,0.2232899210799688
320,O=C1NC(=O)[C@](CNC(=O)[C@@H](Cc2ccc(C(F)(F)F)cc2)C2CC2)(C2CC2)N1,532.2304000000001,6.277076478295164,0.2113432174487305
321,N#Cc1ccc(-c2cnccc2NS(=O)(=O)C(F)(F)F)cc1,2400.0,7.783224016336037,0.2870618887183101
322,CCOc1ccc(Cc2cc([C@]34OC[C@](OC)(O3)[C@@H](O)[C@H](O)[C@H]4O)ccc2Cl)cc1,2007.0,7.604396348796338,0.2780716716045491
323,CCOc1ccc(Cc2cc([C@]34OC[C@](OC(F)F)(O3)[C@@H](O)[C@H](O)[C@H]4O)ccc2Cl)cc1,1274.0,7.149916836132109,0.2552235880343672
324,O=S(=O)(Nc1cscn1)c1cc(Cl)c(OCC2NCCC=C2c2ccc(F)cc2)cc1F,1772.7945600000007,7.480312427956199,0.2718335910881103
325,COc1cccc(C(=O)N[C@H]2C[C@@](N)(C(=O)O)[C@@H]3[C@@H](C(=O)O)[C@@H]32)c1,919.402,6.8237234587015,0.2388248432287226
326,C=CC(=O)Nc1cc(Nc2cc(-c3cccc(NC(=O)c4cc5c(s4)CCCC5)c3C)cn(C)c2=O)ccc1C(=O)N1CCOCC1,1562.98,7.354349534434298,0.2655010488332153
327,CC(C)(C)c1cc(NC(=O)Nc2ccc(-c3cn4c(n3)sc3cc(OCCN5CCOCC5)ccc34)cc2)no1,1973.0,7.587310506022615,0.2772127137138566
328,CC(C)(C)c1cc(NC(=O)Nc2ccc(-n3nc(-c4ccc(OCCN5CCOCC5)cc4)c4c(N)ncnc43)cc2)no1,524.69,6.262807612001426,0.210625877633741
329,O=C(O)c1cccc(Cc2c(-c3ccccc3)nn3cc(Cl)ccc23)n1,1590.0,7.371489295214277,0.2663627173479921
330,CN(Cc1cccc(-c2cnc(N3CCN(c4ccc(C(=O)O)cc4Cl)CC3)nc2)c1)C(=O)CN.Cl.Cl,1920.0,7.560080465021827,0.2758437757638084
331,O=C1C[C@H](c2c[nH]c3ccc(F)cc23)C(=O)N1,2274.0,7.729295674310482,0.2843507450230131
332,CCOc1ccc(Cc2cc([C@@H]3O[C@H](/C=N/OC)[C@@H](O)[C@H](O)[C@H]3O)ccc2Cl)cc1,1316.0,7.182352111885263,0.2568542091523261
333,C=CC(=O)Nc1cc(Nc2ncc(Cl)c(Nc3ccccc3S(=O)(=O)C(C)C)n2)c(OC)cc1N1CCCN(C)CC1,720.42,6.579834375270681,0.2265637885391148
334,NC(=O)c1cc2ccc(OC(F)(F)F)cc2n1-c1cccc(CCC(=O)O)c1,721.8927200000002,6.581876540595029,0.2266664544738702
335,Cc1cccc(S(=O)(=O)Nc2cc(-c3sc(NC(=O)[C@@H](N)C(C)C)nc3C)cnc2Cl)c1,551.0,6.311734809152915,0.2130855983873097
336,Cc1ccc(CN2CCOCC2)cc1NC(=O)c1ccc(Nc2ncc(C)c(-c3ccccn3)n2)cc1,1370.0,7.222566018822171,0.258875885995341
337,Cc1ccc(CN2CCOCC2)cc1NC(=O)c1ccc(Nc2nccc(-c3cccnc3)n2)cc1,521.0,6.255750041753367,0.2102710718606825
338,Cc1ccc(OCCN2CCOCC2)cc1NC(=O)c1ccc(Nc2ncc(C)c(-c3ccccc3)n2)cc1,787.0,6.668228248417403,0.2310076205369731
339,CNC(=O)c1c(-c2ccc(F)cc2)oc2cc(N(CCO)S(C)(=O)=O)c(C3CC3)cc12,1610.0,7.383989457978509,0.2669911389941161
340,CNC(=O)c1c(-c2ccc(F)cc2)oc2cc3c(cc12)[C@H](C)n1nncc1CN3S(C)(=O)=O,1301.0,7.170888478512505,0.2562778970281926
341,CNC(=O)c1c(-c2ccc(F)cc2)oc2cc3c(cc12)[C@H](C)O[C@H](CO)CN3S(C)(=O)=O,759.0,6.63200177739563,0.2291864043670602
342,CNC(=O)c1c(-c2ccc(F)cc2)oc2cc3c(cc12)C(C)OC(CS(C)(=O)=O)CN3S(C)(=O)=O,1059.0,6.965080345601407,0.2459312888992361
343,Cn1cc(Nc2nc(N)nc(-c3cccc(-n4ccc5cc(C6CC6)cc(F)c5c4=O)c3CO)n2)cn1,1960.0,7.580699752224563,0.2768803707786286
344,C#C[C@]1(CO)C[C@@H](n2cnc3c(=O)[nH]c(N)nc32)C[C@@H]1O,526.5169000000001,6.266283429824308,0.2108006176910571
345,Cc1cn2c(-c3cn[nH]c3)cnc2c(Nc2cc(Cc3ccccn3)ns2)n1,1087.688,6.991809621585145,0.2472750518509847
346,Cc1ccc(NC(=O)c2ccc(CN(CCN(C)C)C(=O)c3cccnc3)cc2)cc1Nc1nccc(-c2cccnc2)n1,541.43,6.294213787540105,0.2122047627172974
347,Cc1cc(N2CCc3sccc3C2)cc(C)c1NC(=O)CC(C)(C)C,687.21,6.532639922368593,0.2241911781707514
348,Br.NC(=O)c1cnc2[nH]ccc2c1NC1C2CC3CC1CC(O)(C3)C2,574.52,6.3535349095636215,0.2151870180570923
349,COc1ccc2c(c[n+]3c4c2cc(Cc2ccccc2C)c2c5c(cc(c24)CC3)OCO5)c1OC.[Br-],724.0,6.584791392385716,0.226812993042612
350,COc1cc2nccc(Oc3ccc4c(NC(=O)Nc5ccccc5)nn(C)c4c3)c2cc1OC,605.0,6.405228458030842,0.2177858118035794
351,CC(C)(F)C(=O)NC[C@@H]1CCCN1C(=O)C[C@H](N)Cc1cc(F)c(F)cc1F,1849.0083333333328,7.522404738317657,0.2739497010512697
352,CN(C)c1ncc(O)c2c1C[C@H]1C[C@H]3[C@H](N(C)C)C(O)=C(C(N)=O)C(=O)[C@@]3(O)C(O)=C1C2=O.Cl.Cl,855.9055118,6.75215998663783,0.2352271272817529
353,O=C(c1ccc(-c2ccc3c(c2)CNC3)s1)N1N=C(c2cccnc2)CC1c1c(O)cccc1F,1100.0730810810812,7.003131893926037,0.2478442573210674
354,NCc1ccccc1-c1ccc(C(=O)N2N=C(c3cccnc3)CC2c2c(O)cccc2F)s1,611.528823529412,6.415962089796277,0.2183254245006415
355,O=C(c1ccc(-c2cccc3c2CCNC3)s1)N1N=C(c2cccnc2)CC1c1c(O)cccc1F,1456.5346067415735,7.283815336324274,0.2619550776550507
356,COc1ccc(Oc2ncc(Cl)c(Nc3ccccc3C(N)=O)n2)cc1,741.5920000000002,6.608799226706945,0.2280199407479001
357,COc1ccc(Oc2cc(Nc3ccccc3C(N)=O)c(Cl)cn2)cc1,1294.3280000000002,7.165746920529702,0.2560194150874262
358,Cc1nc(N2CCN(C)CC2)c2nc(-c3ccccc3Cl)n([C@@H]3CCOC3)c2n1,585.1851852,6.371928353036045,0.2161117130584967
359,O=c1ccn2nc(Oc3ccc(F)cc3F)ccc2c1-c1c(F)cccc1F,724.3200000000002,6.585233283687649,0.2268352082780939
360,COc1ccc(-c2nnc(C)o2)cc1-c1c(=O)ccn2nc(Oc3ccc(F)cc3F)ccc12,1700.8257471264374,7.438869145717714,0.2697501097658023
361,CNC(=O)c1ccc(F)c2c(C(=O)C(=O)N3CCN(C(=O)c4ccccc4)CC3)c[nH]c12,1420.513846,7.258773948518826,0.2606961700357872
362,CCC(C(=O)O)N1Cc2sc(-c3ccc(-c4cnn(Cc5ccccc5)c4)cc3)cc2S1(=O)=O,2012.765957,7.607265153107924,0.2782158952248248
363,Cc1cccc(Nc2ccc3c(cnn3-c3cccc(C(=O)NCCN4CCN(C5CCC5)CC4)c3)c2)c1Cl,724.153333333334,6.585003156334157,0.2268236390679141
364,Cc1cccc(NC(=O)c2cccc(-n3ncc4cc(Nc5ccccc5F)ccc43)c2)c1,1818.708333333334,7.505881821149931,0.2731190431629562
365,Cc1nc(N2CCN(C)CC2)c2nc(-c3ccccc3Cl)n([C@H](C)CO)c2n1,1352.631579,7.209807291755781,0.2582344655261254
366,O=C(NOCCO)c1ccn2cncc2c1Nc1ccc(I)cc1F,1479.6162162162166,7.299538019763215,0.2627455053314372
367,CC[C@@H]1C[C@H](N(Cc2cc(C(F)(F)F)cc(C(F)(F)F)c2)c2ncc(N3CCOCC3)cn2)C[C@H](CC)N1C(=O)OC(C)C,1654.3528571428576,7.411165188467378,0.2683573465876124
368,OC1(CN2CCC(COc3noc4cccc(O[C@@H]5CCOC5)c34)CC2)CCOCC1,580.2469136,6.363453726053799,0.2156856674830177
369,CC(C)c1cc2cccc(-c3nnc(C4CCN(C(C)C)CC4)o3)n2n1,664.8293963,6.499530460824771,0.2225266636585739
370,CN(C)[C@@H]1C(O)=C(C(N)=O)C(=O)[C@@]2(O)C(O)=C3C(=O)c4c(cc5ccc(CN6CC(F)C6)cc5c4O)C[C@H]3C[C@@H]12,3457.0,8.148156439921625,0.3054081645772015
371,Cc1ccc(C(=O)NC2CC2)cc1-c1ccc2c(c1)NC(=O)C21CCCC1,2532.0,7.836764783264067,0.2897535478208559
372,CCC(CC)Nc1nc(C)c(-c2ccc(OC(F)(F)F)cc2OC)nc1OC,4499.0,8.411610428841172,0.3186528072684525
373,Cc1ccc(CC(=O)O)cc1NC(=O)c1ccc(OC[C@@H]2CN(C)c3ccccc3O2)cc1C,4600.0,8.433811582477187,0.3197689275763988
374,Cc1ccc(C(=O)NC2CC2)cc1-c1ccc2c(c1)NC(=O)C21CCOCC1,2772.0,7.927324360309794,0.2943062564177554
375,Cl.O=C(Nc1ccc(N2C(=O)CC(c3ccccc3)C2=O)c(Cl)c1)c1ccccn1,3225.0,8.078688229229872,0.3019157838666791
376,CNC(=O)C[C@@H]1NC(=O)c2csc(n2)-c2ccc(-c3nc(NC(=O)[C@H]4CC[C@H](C(=O)O)CC4)cs3)nc2-c2csc(n2)-c2csc(n2)[C@H]([C@@H](O)c2ccccc2)NC(=O)CNC(=O)c2nc(sc2COC)[C@H](C(C)C)NC(=O)c2nc1sc2C,3751.583999999998,8.22993342977869,0.309519345491428
377,COc1cccc([C@@H](C)NC(=O)c2cc3ccc(-c4cn[nH]c4)nc3[nH]2)c1,2746.678,7.918147460440487,0.2938449054232958
378,CC1=C(CN2CC(C(=O)O)C2)CCc2cc(OC[C@@H](C)Cc3ccc(F)cc3)ccc21.Cl,2600.0,7.863266724009573,0.2910858819306504
379,Cn1cc(-c2nc3ccc(CC(=O)N4C[C@@H](F)C[C@H]4CO[C@H]4CC[C@H](C(=O)O)CC4)c(F)c3o2)c2ccccc21,4668.0,8.448485993406447,0.3205066553681082
380,COc1ccncc1C(=O)NC(=O)Nc1ccc(-c2ccccc2)c(C(F)(F)F)c1,3400.0,8.131530710604252,0.3045723380057644
381,CCC(CC)O[C@@H]1C=C(P(=O)(O)O)C[C@H](N)[C@H]1NC(C)=O,2634.0,7.876258882303226,0.2917390377059465
382,CCc1cc2c(c(OCC(F)(F)F)c(C(=O)NC3CCN(C(=O)CO)CC3)n2C)c(=O)n1CC(=O)c1ccccc1,2532.3,7.836883259657784,0.2897595039937291
383,O=C(Nc1ccc(-c2cn[nH]c2)cc1)NC(CCO)c1cccc(F)c1,3366.6575000000003,8.121675691385256,0.3040768958649705
384,COc1cccc(C(CCO)NC(=O)Nc2ccc(-c3cn[nH]c3)cc2)c1,2894.7259000000004,7.970645705041023,0.2964841537205168
385,C[C@@H](O)[C@H]1C(=O)N2C(C(=O)O)=C(S[C@@H]3CN[C@H](C(=O)Nc4cccc(C(=O)O)c4)C3)[C@H](C)[C@H]12,3728.100320000002,8.223654085314664,0.3092036635231937
386,N#Cc1c(Oc2ccc(F)c(NC(=O)Cc3cccc(C(F)(F)F)c3)c2)ccc2nc(NC(=O)C3CC3)sc12,2512.0,7.828834527588089,0.2893548694660154
387,COC(=O)N[C@H](C(=O)N1CCC[C@H]1c1ncc(-c2ccc3c(c2)Oc2ccc(-c4cnc([C@@H]5CCCN5C(=O)[C@@H](NC(=O)OC)C(C)C)[nH]4)cc2O3)[nH]1)C(C)C,2570.0,7.851661177889265,0.290502435416021
388,Cc1cc2c(c(C)c1Cl)C=C(C(=O)O)C(C(F)(F)F)O2,4898.99,8.496784340403586,0.3229347618893972
389,C[C@@H](O)[C@H]1C(=O)N2C(C(=O)[O-])=C(S[C@@H]3CN[C@H](C(=O)Nc4cccc(C(=O)O)c4)C3)[C@H](C)[C@H]12.[Na+],3880.5390000000016,8.263729340494947,0.3112183699157609
390,O=C(O)CCCN1CC(C(=O)O)Oc2c(NC(=O)c3ccc(OCCCCc4ccccc4)cc3)cccc21,3500.0,8.160518247477505,0.306029630681272
391,O=C(O)CCCN1CC(C(=O)O)Oc2c(CCc3ccc(OCCCCc4ccccc4)cc3)cccc21,3700.0,8.216088098632316,0.3088232980915469
392,Cc1c[nH]c2ncnc(-c3ccc(NC(=O)Nc4ccccc4)cc3)c12,4910.477000000002,8.499126364746111,0.3230525026596857
393,Cc1c[nH]c2ncnc(-c3ccc(NC(=O)N(CCO)c4ccccc4)cc3)c12,3254.521200000001,8.087800447048686,0.3023738830954287
394,O=C(Nc1ccc(F)cc1)c1ccc(SCc2cc(OC(F)(F)F)ccc2B(O)O)nc1,2517.5934000000007,7.831058724202433,0.2894666866738433
395,C[C@H]1O[C@@H](O[C@H]2[C@H](O)[C@@H](O)[C@@H](O[C@H]3[C@H](O)CN[C@@H]3CO)O[C@@H]2CO)[C@H](O)[C@@H](O)[C@@H]1O,4930.0,8.503094267036737,0.3232519813173772
396,CNC(=O)c1ccc(N2C(=S)N(c3ccc(C#N)c(C(F)(F)F)c3)C(=O)[C@]23CCOC3)cc1F,2624.0,7.8724551500639794,0.2915478123819018
397,CN[C@@H](C)C(=O)N[C@H](C(=O)N1C[C@H]2CCCCOc3ccc(cc3)C[C@@H](C(=O)O)NC(=O)[C@H](Cc3ccc4ccccc4c3)NC(=O)[C@@H]3C[C@@H](CN3C(=O)[C@@H](NC(=O)[C@H](C)NC)C(C)(C)C)n3cc(nn3)COc3ccc(cc3)C[C@@H](NS(=O)(=O)C3CC3)NC(=O)[C@H](Cc3ccc4ccccc4c3)NC(=O)[C@@H]1C2)C(C)(C)C,2660.609519999999,7.886310518383673,0.2922443643813709
398,OCCCCOc1cc(CNc2nc3ccccc3n2[C@@H]2O[C@H](CO)[C@@H](O)[C@H]2O)ccc1-c1ccccc1,2597.9900000000016,7.862493348108434,0.2910470019443628
399,CC#C[C@@H](CC(=O)O)c1ccc(OCc2cccc(-c3c(C)cc(OCCCS(C)(=O)=O)cc3C)c2)s1,3322.9,8.108593174612587,0.3034191974908941
400,Cc1cc(C(=O)O)nn1Cc1cc(Cl)cc2sc(N3CC=CCC3)nc12,4480.0,8.40737832540903,0.3184400464064097
401,O=C(O)c1cccc(Cc2c(-c3ccccc3)nn3cc(C(F)(F)F)ccc23)n1,4360.0,8.38022733634308,0.3170750826403746
402,COc1ccc2c(Cc3cccc(C(=O)O)n3)c(-c3ccccc3)nn2c1,2780.0,7.930206206684683,0.2944511357026848
403,O=C(CCCCN1CCC(c2noc3cc(F)ccc23)CC1)c1cc2c3c(c1)CCN3C(=O)CC2,3151.2,8.055538611656695,0.3007519813581149
404,CCCCc1cnc(CCc2ccc(-c3ccccc3C(=O)O)cc2)[nH]1,3528.015750000001,8.168490881402432,0.3064304395210882
405,CC(C)(C)Cc1cnc(CCc2ccc(-c3ccccc3C(=O)O)cc2)[nH]1,4487.988065789475,8.40915978806118,0.3185296060156314
406,NC(=O)c1ccccc1Nc1cc(Oc2ccc(-n3cncn3)cc2)ncc1C(F)(F)F,2744.865410958904,7.917487322125527,0.2938117182389062
407,Cc1nnc(-c2ccc(F)c(-c3c(=O)ccn4nc(Oc5ccc(F)cc5F)ccc34)c2)o1,4842.752688172044,8.485238575266585,0.3223543207487494
408,O=C(O)Cn1c2c(c3cc(F)ccc31)CN(C(=O)c1cccc(Cl)c1)CC2,2804.347826,7.938926286823706,0.2948895209636333
409,O=C(O)Cn1c2c(c3ccccc31)CN(C(=O)c1ccccc1)CC2,4500.0,8.411832675758411,0.318663980304853
410,CC[C@@H]1C[C@H](N(Cc2cc(C(F)(F)F)cc(C(F)(F)F)c2)c2ncc(N3CCOCC3)cn2)C[C@H](Cc2ccccc2)N1C(=O)OC(C)(C)C,3585.984000000001,8.184788192359251,0.3072497554909716
411,Cc1cc2c(CC(=O)O)cccc2n1C(=O)c1ccc(OC[C@@H]2CN(C)c3ccccc3O2)cc1,7200.0,8.881836305004146,0.3422925089844925
412,Cc1cc(OC[C@@H]2CN(C)c3ccccc3O2)cc(C)c1C(=O)Nc1cc(CC(=O)O)ccc1Cl,11300.0,9.332558004700433,0.3649516757336952
413,O=C(O[C@@H]1COc2nc([N+](=O)[O-])cn2C1)N1CCN(c2ccc(OC(F)(F)F)cc2)CC1,5930.0,8.68777949199177,0.3325366758665635
414,CN(C(=O)Cn1c(=O)oc2ccc(-c3cccnc3)cc21)c1ccccc1.Cl,6042.0,8.706490361946617,0.3334773288739852
415,Cc1c(F)cc(C(=O)NC2CC2)cc1-c1c(F)cn2c(C(C)(C)C)nnc2c1F,8012.0,8.988695696785708,0.3476646594239508
416,[2H]C([2H])([2H])c1cc(Cl)cc2c1OC(C(F)(F)F)C(C(=O)O)=C2,14043.75,9.54993273593364,0.3758797723516201
417,Cc1cc2c(c(C)c1Br)C=C(C(=O)O)C(C(F)(F)F)O2,8843.99,9.087493411266612,0.3526315245391015
418,O=C(O)CCCN1CC(C(=O)O)Oc2c(OCc3ccc(OCCCCc4ccccc4)cc3)cccc21,7900.0,8.974618038455112,0.3469569322216301
419,Cc1c[nH]c2ncnc(-c3ccc(NC(=O)N(CCO)c4ccc(Cl)cc4)cc3)c12,5568.921600000001,8.624956705559168,0.3293783810820321
420,Cc1ccc(N(CCO)C(=O)Nc2ccc(-c3ncnc4[nH]cc(C)c34)cc2)cc1,6262.932000000002,8.742403725049897,0.3352828041453782
421,COc1ccc(N(CCO)C(=O)Nc2ccc(-c3ncnc4[nH]cc(C)c34)cc2)cc1,8098.898600000001,8.999483356106408,0.348206988252463
422,Cc1[nH]c2ncnc(-c3ccc(NC(=O)N(CCO)c4ccc(Cl)cc4)c(F)c3)c2c1C,6581.622500000002,8.792036574470488,0.3377780002098612
423,O=C(O)c1cccc(-c2cccc(CCS)c2C(=O)O)c1,12989.0,9.471858124407284,0.3719547213885824
424,C[C@@](Cc1c[nH]c2ccccc12)(NC(=O)[C@H](Cc1c[nH]c2ccccc12)NC(=O)Cc1cccs1)C(=O)N[C@@H](CCCNC(=N)N)C(=O)N1CCC[C@H]1C(=O)N[C@@H](CCCNC(=N)N)C(=O)O,10883.33,9.294987539757708,0.363062892853803
425,N=C(N)NCCC[C@H](NC(=O)[C@@H]1CCCN1C(=O)[C@H](CCCNC(=N)N)NC(=O)[C@H](Cc1ccc(F)cc1)NC(=O)[C@H](Cc1c[nH]c2ccccc12)NC(=O)Cc1cccs1)C(=O)N[C@@H](CC(N)=O)C(N)=O,5300.0,8.575462099540212,0.3268901349387351
426,N#Cc1cc(NS(=O)(=O)c2ccc(C(=O)O)cc2)ccc1Oc1ccc(Cl)c(C(F)(F)F)c1,6200.0,8.732304571033183,0.3347750885970813
427,Cc1cc(N2CCC(c3cccc(F)c3)CC2)cc(C)c1NC(=O)CC(C)(C)C,8360.0,9.031213706078749,0.3498021705823093
428,Cn1ncnc1[C@H]1c2n[nH]c(=O)c3cc(F)cc(c23)N[C@@H]1c1ccc(F)cc1,6541.8,8.785967635940391,0.3374728959953608
429,Cc1nnc(-c2ccc(F)c(-c3c(=O)ccn4c(-c5ccc(F)cc5F)cccc34)c2)o1,6915.103897058824,8.841463268867956,0.3402628322269768
430,COc1ccc(Oc2cc(Nc3ccccc3C(N)=O)c(C(F)(F)F)cn2)cc1,5131.351898734179,8.543124431465765,0.3252644208591311
431,CCC(C(=O)O)N1Cc2sc(C#Cc3ccc(N(C)C)cc3)cc2S1(=O)=O,11843.57542,9.379540840892346,0.3673136474788773
432,O=C(O)CC1CCn2c1cc1cc(OCc3ccc(C4CCCC4)c(C(F)(F)F)c3)ccc12,13923.07692,9.541302952565433,0.3754459265871905
433,CC(C)Oc1ccc(COc2ccc3c(c2)cc2n3CCC2CC(=O)O)cc1C#N,8012.048193,8.988701711869965,0.3476649618207452
434,CC(C)Oc1ccc(COc2ccc3c(c2)c(Cl)c2n3CC[C@@H]2CC(=O)O)cc1C#N,5510.471204,8.61440541645784,0.3288479353117772
435,CC(C)Oc1ccc(COc2ccc3c(c2)c(Cl)c2n3CC[C@@H]2CC(=O)O)cc1C(F)(F)F,10883.39223,9.294993257660416,0.3630631803103665
436,CC[C@@H]1C[C@H](N(Cc2cc(C(F)(F)F)cc(C(F)(F)F)c2)c2ncc(N3CCOCC3)cn2)C[C@H](CC)N1C(=O)O[C@H]1CC[C@H](C(=O)O)CC1,11723.262068965516,9.369330357932894,0.3668003350820611
